{"threshold": 0.47000000000000003, "mcc": 0.6745706488338721}